id,email,fav_designer,fav_color,fav_shop
1,mlearoydil@seesaa.net,Channel,gray,"Connelly, Jenkins and Corkery"
2,nfairbairn1q@who.int,Tommy Hilfiger,gray,Mayert and Sons
3,rstanley9r@blogtalkradio.com,Prada,brown,Little-Hirthe
4,pjaslemi3@hhs.gov,Valentino,orange,Schoen LLC
5,mlaxen8d@over-blog.com,Louis Vuitton,black,Kemmer-Gulgowski
6,msawtellak@scientificamerican.com,Versace,white,Bechtelar LLC
7,bbrandfb@nydailynews.com,Fendi,purple,Osinski-Torp
8,lgossere@about.me,Pierre Cardin,purple,Koelpin-Deckow
9,cpomfrettrm@google.com.hk,D&G,brown,"Raynor, MacGyver and Grady"
10,creenql@addtoany.com,Burberry,green,Bashirian-Funk
11,gcromleholmeqa@wsj.com,Fendi,red,"Franecki, Price and Schaden"
12,jturgoosent@oracle.com,Balenciaga,yellow,Stoltenberg Group
13,jbess8m@amazon.de,Nike,brown,Prosacco-Anderson
14,rforresterr8@multiply.com,Prada,green,Collins-Welch
15,mgoodburnp3@dmoz.org,Nike,brown,Hayes Inc
16,neakly9f@cmu.edu,Nike,brown,Walsh Group
17,kbratleygk@sakura.ne.jp,Balenciaga,pink,"Powlowski, Roberts and Leannon"
18,mpetigrewqo@yellowbook.com,Valentino,red,Kerluke-Hyatt
19,soatsgz@netlog.com,Balenciaga,gray,Bednar-Herzog
20,bsillwoodfi@epa.gov,Fendi,yellow,Williamson LLC
21,hnehls4g@dagondesign.com,Pierre Cardin,blue,O'Kon Group
22,lormanho@google.it,Dior,pink,Parker-Kris
23,toakwelllj@utexas.edu,Versace,green,Konopelski LLC
24,mleleu4@google.ru,Burberry,blue,"Paucek, Conroy and Jacobson"
25,mgatlinkr@naver.com,Channel,white,"Kerluke, Schiller and Champlin"
26,asneezem5v@t-online.de,Armani,brown,"Upton, Lynch and Brown"
27,lenochssonle@tmall.com,Asprey,green,Lueilwitz-Smith
28,hgethinmj@hostgator.com,D&G,orange,McDermott-McDermott
29,gcliffordfo@gnu.org,Nike,pink,Ziemann-Goodwin
30,kaccum6y@foxnews.com,Dior,red,Pouros Group
31,aschulzen3@ucla.edu,Nike,blue,Kuhn-Vandervort
32,ohovey36@thetimes.co.uk,D&G,black,Graham-Paucek
33,ascryneqc@dion.ne.jp,Gucci,purple,Luettgen-Considine
34,mguerryj1@bing.com,D&G,orange,Baumbach LLC
35,zarens6e@businessweek.com,Fendi,purple,Parker Group
36,dtamplin2z@g.co,Burberry,orange,"Reinger, Price and Boehm"
37,xhourstan27@barnesandnoble.com,Dior,red,Blanda-Dach
38,ahardes8p@state.tx.us,Fendi,blue,O'Keefe-O'Hara
39,wmanthorpeip@auda.org.au,Prada,green,Nolan-Osinski
40,lguillepq@multiply.com,Louis Vuitton,brown,Wolf-Bogan
41,catthoweoy@nymag.com,Tommy Hilfiger,black,Lemke-Bernhard
42,jcastellone3@yahoo.co.jp,Balenciaga,black,Cruickshank LLC
43,evinto6@umn.edu,Valentino,brown,Kemmer-Hirthe
44,adixsonbv@liveinternet.ru,Versace,blue,Boyer-Goodwin
45,aketcherdi@google.co.jp,Burberry,pink,"Lowe, Hermiston and Wisoky"
46,jadney6s@ted.com,Louis Vuitton,orange,Emard-Von
47,bavrasinkw@cargocollective.com,Nike,gray,Daniel LLC
48,rsineyll@typepad.com,Gucci,yellow,"Botsford, D'Amore and Bashirian"
49,crultenqb@sitemeter.com,Gucci,blue,"Jacobs, Hickle and Schaden"
50,agenicke2w@elpais.com,Pierre Cardin,black,Kris-Ernser
51,kleguayht@shop-pro.jp,Channel,orange,Kling-Spencer
52,jfurneauxhb@behance.net,Gucci,yellow,Keeling-Bayer
53,aragbourngl@istockphoto.com,Louis Vuitton,black,Lowe and Sons
54,lmcclurg6p@com.com,Prada,pink,Hand-Cassin
55,abillsao@columbia.edu,Prada,purple,"Hills, Bahringer and Ortiz"
56,rsaylorm6@xing.com,Tom Ford,orange,"Von, Langosh and Ryan"
57,cmcmenamin8k@cmu.edu,Nike,yellow,Steuber and Sons
58,pholdinbb@drupal.org,Armani,blue,"Robel, Kling and Bednar"
59,jfancuttma@aboutads.info,D&G,pink,"Morar, Runte and Lynch"
60,hjenkinbf@weibo.com,Valentino,black,Gerhold LLC
61,ahardes8p@state.tx.us,Versace,yellow,Wilkinson and Sons
62,gtorresi4t@hp.com,Armani,blue,Feeney-Lebsack
63,rgaitoneci@nasa.gov,Tom Ford,white,Purdy-Kassulke
64,kjodrelle5j@clickbank.net,Pierre Cardin,yellow,Armstrong-Tromp
65,aschulzen3@ucla.edu,Tom Ford,brown,"Graham, Klein and Denesik"
66,cwollener@goo.gl,Dior,red,McClure LLC
67,dtamplin2z@g.co,Valentino,red,"Block, Emard and Murazik"
68,idunsterjs@china.com.cn,Asprey,black,Dibbert-Herman
69,pneelybt@bbc.co.uk,Pierre Cardin,orange,Monahan and Sons
70,sguillford8@statcounter.com,Channel,red,Denesik-Kulas
71,krollinshaw7x@skyrock.com,D&G,white,Wunsch-Jast
72,dswatejy@mail.ru,Versace,black,Kuhn Inc
73,bgelardial@blinklist.com,Valentino,black,Adams-Douglas
74,cborneqn@wunderground.com,Tom Ford,green,Boyle-Osinski
75,wmanthorpeip@auda.org.au,Fendi,orange,Schmidt and Sons
76,plammerich6v@shinystat.com,Burberry,white,"Beer, Harvey and Christiansen"
77,jcourtney1d@ihg.com,Tom Ford,brown,Glover-Barrows
78,ckeach9u@prweb.com,Channel,black,Johns-Jacobi
79,lbrennansj9@nasa.gov,Channel,brown,Hettinger Group
80,flafontla@springer.com,Versace,purple,Bednar-Orn
81,spennazzieq@indiegogo.com,Tommy Hilfiger,yellow,Batz-Reichert
82,sbenadette4y@digg.com,Nike,green,"Williamson, Lindgren and Auer"
83,cszimonijl@fotki.com,Tommy Hilfiger,purple,Emard-Homenick
84,fcapener4o@netlog.com,Fendi,white,Stokes LLC
85,rfairrie7j@sohu.com,Armani,orange,Mills Inc
86,sworsnop8y@apache.org,D&G,brown,"Herzog, Balistreri and Schmidt"
87,aplumeaa@ucoz.ru,Balenciaga,green,"Fay, Monahan and Gottlieb"
88,kjecksl1@about.com,Prada,black,Bartoletti Group
89,dkynetonmu@nih.gov,Valentino,pink,Schaden LLC
90,bfielderjz@live.com,Armani,pink,"D'Amore, Nikolaus and Conroy"
91,ekettleson8n@ocn.ne.jp,Armani,purple,Kuhn LLC
92,gdecazerg@qq.com,Prada,green,Hammes Group
93,peaklyie@163.com,Armani,brown,"Yost, Rippin and Wolff"
94,ddaudap@so-net.ne.jp,Gucci,red,Wiza-Mosciski
95,wbilhamc8@aol.com,Versace,yellow,Runte-Schneider
96,gtowlsonls@4shared.com,Tommy Hilfiger,orange,Bosco-Schmeler
97,mfeldhornat@a8.net,Asprey,yellow,Kreiger LLC
98,esineyf9@unblog.fr,Burberry,brown,"Marvin, Kris and Cormier"
99,tausten7w@chicagotribune.com,Dior,green,"Lueilwitz, Kassulke and Runolfsson"
100,mbaldinottibl@cmu.edu,Gucci,orange,McDermott-Daugherty
101,edommerque3i@seesaa.net,Louis Vuitton,red,Reichert and Sons
102,bpeironecu@nature.com,Asprey,orange,Bauch-Kulas
103,lmccullough84@auda.org.au,Versace,blue,"Walker, Daniel and MacGyver"
104,ejorry4d@google.pl,Tommy Hilfiger,gray,Reichel Inc
105,ssurmeyerdd@ameblo.jp,Asprey,pink,Reilly Inc
106,crultenqb@sitemeter.com,Tommy Hilfiger,green,McKenzie-Hermann
107,lcomleygp@wufoo.com,Valentino,yellow,Lindgren-Armstrong
108,hgroganlv@prlog.org,Fendi,red,Howell and Sons
109,llafayeeh@nih.gov,D&G,orange,Dicki-Rohan
110,arobertom@google.es,Tom Ford,orange,Kreiger LLC
111,ieisak42@msn.com,Gucci,white,Barrows LLC
112,adennettmt@yahoo.co.jp,Channel,red,Walter and Sons
113,djahanfs@prweb.com,Prada,red,Casper and Sons
114,bsillwoodfi@epa.gov,Burberry,purple,Weimann-Carter
115,mwilber1e@goo.gl,Pierre Cardin,black,Prohaska-Boyer
116,clayusb5@prweb.com,Asprey,pink,Beatty-Ward
117,kleguayht@shop-pro.jp,Tom Ford,blue,"McDermott, Kozey and Bode"
118,slanderd8@state.tx.us,Tommy Hilfiger,green,Huels-Beier
119,ebelchampmb@goo.gl,Tommy Hilfiger,black,Osinski-Schmitt
120,aromi4z@1688.com,Channel,pink,"Gibson, Rolfson and Kunde"
121,rforresterr8@multiply.com,Pierre Cardin,gray,"Roob, Cronin and Rolfson"
122,bbruins2s@ca.gov,Tom Ford,black,"D'Amore, Medhurst and Wunsch"
123,eklambt9e@google.de,Channel,black,"Schinner, Hintz and Lubowitz"
124,lshawcroftc@live.com,Tom Ford,blue,Blick Group
125,qfendlow8u@networksolutions.com,Channel,green,Cremin Group
126,gwressellmy@list-manage.com,Prada,yellow,"Schuppe, McDermott and Dibbert"
127,lransonq5@discuz.net,Fendi,blue,"Ernser, Zulauf and Mitchell"
128,mrevancn@soup.io,Fendi,green,"Corwin, Wiza and Reichert"
129,tkynclbx@sbwire.com,Tommy Hilfiger,black,"Ortiz, Sawayn and Stanton"
130,gcliffordfo@gnu.org,Asprey,red,Treutel-Hand
131,treyde@intel.com,Pierre Cardin,green,Ebert and Sons
132,vblunsuml0@mayoclinic.com,Prada,purple,Rippin Inc
133,mguerryj1@bing.com,Valentino,orange,Beatty and Sons
134,cfrancombj@unblog.fr,Armani,yellow,"Connelly, King and Cole"
135,dmunganecw@reverbnation.com,Balenciaga,pink,"Brekke, Spinka and Swift"
136,tkanwell73@nature.com,Channel,purple,Block-Runolfsson
137,mreville7q@google.fr,Tom Ford,green,Mraz Group
138,odeeves2b@unblog.fr,Tommy Hilfiger,red,"Thiel, Harris and VonRueden"
139,lcaudrelierio@twitpic.com,Burberry,white,"Smith, Cremin and D'Amore"
140,jwooles17@linkedin.com,Burberry,orange,"Walker, O'Kon and Kovacek"
141,kcortes5d@behance.net,Louis Vuitton,yellow,"Stiedemann, Pacocha and Barton"
142,tkanwell73@nature.com,Louis Vuitton,gray,Turner and Sons
143,kphilpotshg@multiply.com,Louis Vuitton,yellow,Hilpert-Von
144,mbainsfu@businessinsider.com,Asprey,purple,"Koepp, Bode and Stroman"
145,jcastellone3@yahoo.co.jp,Armani,green,Ondricka-Gerlach
146,zsmewingfc@vinaora.com,Nike,white,Streich-Littel
147,adwyerhm@redcross.org,Valentino,brown,"Bradtke, Cummerata and Will"
148,fossennaj6@si.edu,Louis Vuitton,black,Fadel-Ortiz
149,caslamo8@nydailynews.com,Nike,green,"Carroll, Kilback and Daniel"
150,kboolsrf@dropbox.com,D&G,brown,Rutherford Inc
151,trubinow1w@statcounter.com,Balenciaga,pink,Hessel-Balistreri
152,oedenhs@livejournal.com,Gucci,purple,"Hessel, Spencer and Volkman"
153,akellyfz@instagram.com,Fendi,yellow,White-Eichmann
154,ediveric@studiopress.com,Nike,red,Gaylord and Sons
155,lmccullough84@auda.org.au,Dior,red,Legros-Jerde
156,jforseyi4@yahoo.com,Balenciaga,orange,Greenholt-Bartoletti
157,gfluckerd6@java.com,D&G,black,Greenfelder and Sons
158,afroneket@wufoo.com,Burberry,gray,Bernier LLC
159,bacey89@telegraph.co.uk,Armani,brown,"Lynch, Kilback and Beer"
160,plammerich6v@shinystat.com,Tommy Hilfiger,gray,Wuckert and Sons
161,hmeea3@addthis.com,Fendi,white,Okuneva-Mueller
162,bcotherilla5@chron.com,Armani,orange,Dooley Group
163,dhallick5q@123-reg.co.uk,Dior,red,Bruen Group
164,hgauldlu@cocolog-nifty.com,Channel,brown,Bergnaum-Hilll
165,kreingerce@washington.edu,Armani,blue,"Hand, Huel and Weimann"
166,sgarredp7@wordpress.org,Fendi,pink,Spinka-Wilkinson
167,sfisbeyel@example.com,Tommy Hilfiger,blue,Hammes and Sons
168,bspellard4q@last.fm,Versace,gray,Runte-Gusikowski
169,hgethinmj@hostgator.com,Burberry,purple,Cole Group
170,kjecksl1@about.com,Channel,pink,Durgan-Quitzon
171,wminnockp8@biblegateway.com,Armani,brown,Hackett-Willms
172,cgillonqs@zimbio.com,Pierre Cardin,green,Hermiston-Christiansen
173,lkerridgelw@nbcnews.com,Nike,black,Von and Sons
174,kpesterfieldhp@cnet.com,Balenciaga,red,Nolan-Will
175,tmoxom5c@posterous.com,Armani,orange,Kunde Inc
176,wseelbacho9@hud.gov,Louis Vuitton,pink,Lubowitz and Sons
177,hnewdick18@seesaa.net,Versace,purple,"Pacocha, Pacocha and Altenwerth"
178,jfuggle3m@netvibes.com,Pierre Cardin,purple,"Welch, Morar and Kovacek"
179,sburgonfm@jalbum.net,Versace,purple,Wyman LLC
180,jsleightij@ted.com,Asprey,purple,"Runolfsdottir, Walsh and Wuckert"
181,kmunkleygt@canalblog.com,Tom Ford,brown,Kulas-Daniel
182,fstodartmd@tinypic.com,D&G,orange,"Stamm, Beier and Murray"
183,gfluckerd6@java.com,Louis Vuitton,black,Johns-Littel
184,skernoghanpu@ted.com,Pierre Cardin,red,Kohler and Sons
185,ebrieniv@nasa.gov,Versace,yellow,"Walsh, McCullough and Friesen"
186,gcowplandnp@toplist.cz,Channel,orange,Trantow-Nienow
187,cfantonettiq7@springer.com,D&G,white,"Johnson, Gottlieb and Denesik"
188,bbruins2s@ca.gov,Valentino,white,"Runolfsdottir, Hettinger and Bins"
189,bswateridgemi@issuu.com,Tommy Hilfiger,pink,"Weimann, Haley and Braun"
190,tmcaulayb6@issuu.com,Dior,brown,"Stracke, Schuppe and Hegmann"
191,spendergastnu@eventbrite.com,Channel,gray,Terry-Altenwerth
192,tleopardji@bloomberg.com,Balenciaga,gray,"Reynolds, Hettinger and Dach"
193,acutbushc2@sakura.ne.jp,Versace,pink,Hoeger Inc
194,bguidoner0@bigcartel.com,Tommy Hilfiger,black,Lebsack Inc
195,gtorresi4t@hp.com,Louis Vuitton,blue,Boyle Inc
196,yphupratebo@hostgator.com,Burberry,brown,Hackett-Mosciski
197,jmacallesteriu@flickr.com,Channel,green,Heaney-Gutmann
198,lanfossikm@google.nl,Valentino,orange,Leannon and Sons
199,opiochni@hc360.com,Dior,pink,Stanton-Schultz
200,lanfossikm@google.nl,Channel,white,Hermann-Powlowski
201,vditterft@imgur.com,Balenciaga,orange,Gutmann Group
202,ajacke54@liveinternet.ru,Burberry,white,Cassin-Greenholt
203,lcaudrelierio@twitpic.com,Pierre Cardin,orange,Altenwerth Group
204,tsmullen63@baidu.com,Nike,gray,"Kassulke, Kessler and Hickle"
205,icressar15@pinterest.com,Burberry,yellow,"Sporer, Goyette and Leannon"
206,hwhitseyfh@qq.com,Louis Vuitton,brown,Nienow Group
207,crosone1y@utexas.edu,Channel,black,Crona and Sons
208,tatherton68@hostgator.com,Gucci,pink,"Pollich, Luettgen and Farrell"
209,vcollens2p@google.ru,Armani,brown,"Dach, Schaden and Ziemann"
210,gpowleslandr5@apache.org,Channel,red,Runolfsson Inc
211,elepiscopio2x@buzzfeed.com,Valentino,green,Klocko Inc
212,mrhodesns@usda.gov,Fendi,red,Koch and Sons
213,pcorona95@simplemachines.org,Armani,brown,"Heller, Volkman and Schumm"
214,csparkshn@zimbio.com,Prada,yellow,Schoen Group
215,anecoldsi2@odnoklassniki.ru,Tom Ford,black,Crooks LLC
216,bskucegd@friendfeed.com,D&G,pink,"Kris, Schmeler and Bosco"
217,veagle2v@nasa.gov,Fendi,gray,"Predovic, Buckridge and McLaughlin"
218,dbrundaleaq@earthlink.net,Nike,black,"Hagenes, Schoen and Reichert"
219,lguillepq@multiply.com,Burberry,black,Anderson-Ortiz
220,bpenhaligondn@free.fr,Prada,yellow,"Balistreri, Wisozk and Hagenes"
221,fblundellem@mapquest.com,Asprey,purple,Torphy-Kuphal
222,kdunkleyii@cnn.com,Versace,gray,"Jerde, Hickle and Daniel"
223,streffreym4@disqus.com,Prada,white,Schimmel-Jakubowski
224,rivachyov8g@miitbeian.gov.cn,Burberry,white,"Rice, Fay and Rogahn"
225,qwhatead@geocities.com,Tommy Hilfiger,pink,"Stamm, Emmerich and Schroeder"
226,rstickleyjp@aol.com,Burberry,white,Pacocha Inc
227,cszimonijl@fotki.com,Tommy Hilfiger,yellow,Reichert-Orn
228,jmacallesteriu@flickr.com,Valentino,red,Kirlin-Hane
229,dseger8q@netlog.com,Armani,black,"Orn, Dietrich and Krajcik"
230,ekettleson8n@ocn.ne.jp,Balenciaga,red,Gutmann-Corkery
231,jmacnelly3c@indiegogo.com,Louis Vuitton,white,Armstrong Group
232,nwillgressi8@apache.org,Armani,black,Stokes-Hills
233,bwildscp@discuz.net,Fendi,red,"Stroman, Ullrich and Price"
234,caslamo8@nydailynews.com,Burberry,yellow,"Harber, Weissnat and Johnson"
235,aromi4z@1688.com,Gucci,yellow,Harber-Becker
236,ldoak2m@arizona.edu,Channel,white,"Gulgowski, Nicolas and Howe"
237,pjarradnf@google.com.br,Prada,pink,"O'Connell, Bosco and Gerhold"
238,tmcclaurien7@about.me,D&G,orange,Corkery-Schulist
239,khattoeco@bloglines.com,Nike,black,Jacobson Group
240,mcawthorne5f@umich.edu,Tom Ford,brown,Bogisich LLC
241,gjobin2@soundcloud.com,Tom Ford,pink,"Lindgren, Olson and Bayer"
242,creenql@addtoany.com,Dior,yellow,Willms LLC
243,cnasseyfl@go.com,Armani,brown,Mills-Collier
244,nfiennesx@spiegel.de,Channel,purple,Howell and Sons
245,kpitsonia@drupal.org,D&G,red,"Marks, Pfeffer and Stroman"
246,sbrunotti33@unicef.org,Dior,red,Lubowitz-Carroll
247,jsuarez8r@walmart.com,Channel,purple,"Thiel, Bauch and Kerluke"
248,dcaileje@ihg.com,Channel,pink,"Mills, Wunsch and Lueilwitz"
249,gcronchey9x@lulu.com,Versace,green,McKenzie-Erdman
250,jkobpalt@devhub.com,Louis Vuitton,purple,Pfeffer-Reynolds
251,kjosefsenbh@printfriendly.com,Burberry,green,Adams-Schneider
252,mmuneelym0@people.com.cn,Valentino,yellow,Flatley and Sons
253,sbatisse6l@archive.org,Balenciaga,yellow,Wuckert and Sons
254,screamen7c@studiopress.com,Gucci,purple,"Macejkovic, Von and Schultz"
255,driglesfordo4@hugedomains.com,Louis Vuitton,black,Kessler-Huels
256,drisely7z@ucoz.ru,D&G,green,White Group
257,chonigct@dropbox.com,Louis Vuitton,black,Grady and Sons
258,rheavyside5g@techcrunch.com,Prada,pink,Pfeffer-Leuschke
259,mbartolomeottibz@aol.com,Louis Vuitton,red,Satterfield-Hessel
260,lhinchonrb@spiegel.de,Tom Ford,yellow,"Cronin, Grady and Schoen"
261,fshoppeelc@i2i.jp,Prada,green,Runte-Walsh
262,scomellojc@archive.org,Louis Vuitton,red,Swaniawski Inc
263,emacgilpatrickc4@thetimes.co.uk,Valentino,pink,"Witting, Rice and Beatty"
264,phammertonih@wikia.com,Gucci,yellow,Lubowitz-Runolfsdottir
265,rbunston65@blog.com,Pierre Cardin,red,Swaniawski Inc
266,isilbermannin@bluehost.com,Armani,black,"Hackett, VonRueden and Herman"
267,rbolsteridgep2@webmd.com,Tommy Hilfiger,pink,"Kunde, Rau and Romaguera"
268,agundrykp@patch.com,Tommy Hilfiger,red,Orn-Wilderman
269,ihebroncz@wikispaces.com,Channel,blue,"Kulas, Conn and Cartwright"
270,jwitteyoh@springer.com,Balenciaga,gray,"Cormier, Altenwerth and Lindgren"
271,ddoerrks@yandex.ru,Armani,green,"Farrell, O'Keefe and Windler"
272,phabbaljx@google.it,Nike,blue,"Franecki, Yost and Smitham"
273,fdollin1t@engadget.com,Valentino,brown,Moore-Ratke
274,agrinaughnk@google.cn,Balenciaga,blue,Breitenberg and Sons
275,ddoerrks@yandex.ru,Channel,brown,"Smith, Mosciski and Balistreri"
276,sbatisse6l@archive.org,Tommy Hilfiger,orange,"Kshlerin, Padberg and Conn"
277,pbellanyqg@businessweek.com,Burberry,brown,Emmerich Group
278,darlettnn@sohu.com,Prada,white,"Bednar, Ruecker and Frami"
279,bpeironecu@nature.com,Fendi,blue,Purdy-Berge
280,pfettesfa@cam.ac.uk,Armani,pink,Gusikowski-Bins
281,rrepper2g@apache.org,Prada,white,Gutmann-Sauer
282,fbettsh9@loc.gov,Versace,orange,Hansen-Kuhlman
283,lkerridgelw@nbcnews.com,Asprey,gray,"Hackett, Zulauf and Lebsack"
284,mpetigrewqo@yellowbook.com,Tom Ford,green,Monahan-Powlowski
285,jmacnelly3c@indiegogo.com,Nike,white,Kutch LLC
286,ecastielloge@123-reg.co.uk,Armani,gray,Upton-Murazik
287,kpitsall3y@mtv.com,Balenciaga,green,"Harvey, Bergnaum and Krajcik"
288,csabate1o@scribd.com,Balenciaga,black,Heidenreich-Bogan
289,cwillingam3g@macromedia.com,Channel,orange,Rau-Mills
290,rdivespf@cocolog-nifty.com,Burberry,brown,Feeney LLC
291,ctreadway2n@studiopress.com,Nike,white,Torp-Prohaska
292,gyanezed@whitehouse.gov,Tom Ford,purple,Ondricka Group
293,vstocktonch@icio.us,Prada,brown,Fisher LLC
294,abarffae@huffingtonpost.com,Burberry,purple,Gislason-Powlowski
295,pjedrzejewiczav@wikia.com,Dior,pink,"Labadie, Hane and Nienow"
296,ldoak2m@arizona.edu,Burberry,brown,"Powlowski, Stamm and Pfannerstill"
297,mlaperean@indiegogo.com,Versace,blue,Ledner-Hansen
298,ascrancheri6@cbslocal.com,D&G,pink,Dietrich LLC
299,kaccum6y@foxnews.com,D&G,blue,"Leffler, Labadie and Zieme"
300,amilehamdt@creativecommons.org,Balenciaga,white,VonRueden and Sons
301,tgussie7y@bloomberg.com,Tom Ford,brown,"Bogan, Hilpert and Willms"
302,dserckhw@pen.io,Tommy Hilfiger,green,Borer LLC
303,hmcintoshk8@oracle.com,Balenciaga,black,Schmitt LLC
304,gtythertonj7@cdbaby.com,Versace,white,McClure-Spencer
305,mbainsfu@businessinsider.com,Dior,orange,Barton Inc
306,chabble9z@noaa.gov,Tommy Hilfiger,blue,Strosin Inc
307,epeskett4i@weibo.com,Pierre Cardin,purple,"Hayes, Champlin and Hoppe"
308,adelaeglise7n@nature.com,Channel,orange,"Yost, Schiller and Gulgowski"
309,rboultwoodh6@simplemachines.org,Valentino,brown,Breitenberg and Sons
310,mgoodburnp3@dmoz.org,Louis Vuitton,orange,Wisoky-Douglas
311,mlaperean@indiegogo.com,Channel,orange,Armstrong Group
312,elerwill7b@arstechnica.com,Tommy Hilfiger,black,Thompson Inc
313,oemilienr6@feedburner.com,Tom Ford,orange,Kris LLC
314,gstapletonb3@nps.gov,Channel,red,"Wolf, Goodwin and Hudson"
315,npicardoig@networkadvertising.org,Versace,brown,"Olson, Koelpin and Harber"
316,rharmstone2u@oaic.gov.au,Versace,green,Lubowitz and Sons
317,lcussev@geocities.jp,Pierre Cardin,green,Mraz-Quitzon
318,ghutley16@redcross.org,Tom Ford,red,"Rath, Wunsch and Simonis"
319,aragbourngl@istockphoto.com,Tom Ford,blue,"Hilll, Goyette and Schiller"
320,streffreym4@disqus.com,Gucci,black,Gutmann Group
321,sbenadette4y@digg.com,Armani,orange,"Barrows, Green and Stroman"
322,cwillingam3g@macromedia.com,Tom Ford,yellow,Koch-Gorczany
323,mforsonoe@theglobeandmail.com,Versace,pink,"King, Bauch and Ernser"
324,mabrahmerc0@etsy.com,Armani,yellow,West-Pagac
325,llafayeeh@nih.gov,Tommy Hilfiger,gray,Jacobi Group
326,nsizelandf6@usa.gov,Balenciaga,green,"Marquardt, Schimmel and Harvey"
327,ncrockettcd@infoseek.co.jp,Valentino,yellow,Bode LLC
328,mgatlinkr@naver.com,Valentino,gray,Kulas and Sons
329,stapperl2@google.cn,D&G,white,Quitzon LLC
330,eheppenspallrn@time.com,Asprey,yellow,McClure-Feeney
331,anecoldsi2@odnoklassniki.ru,Tom Ford,orange,Bechtelar-Hermiston
332,skernoghanpu@ted.com,Louis Vuitton,pink,Rosenbaum-Hilpert
333,ptomczykiewiczc7@ed.gov,Louis Vuitton,purple,Tremblay-Oberbrunner
334,tkeallf@sina.com.cn,D&G,yellow,Feest Inc
335,rjupe6g@cam.ac.uk,Tommy Hilfiger,red,Frami LLC
336,rantoineth0@nsw.gov.au,Channel,purple,Bogan and Sons
337,ialtik2@parallels.com,Tommy Hilfiger,brown,Connelly-Senger
338,voxbiepb@angelfire.com,Asprey,red,Runolfsdottir Group
339,bcollar38@apache.org,Tommy Hilfiger,brown,Kihn and Sons
340,dpavlenkovkx@edublogs.org,Fendi,purple,Marvin LLC
341,gshrimplinfq@friendfeed.com,Versace,green,Bernier Group
342,tthying9t@facebook.com,D&G,blue,Harvey-Nader
343,omacadamg8@joomla.org,Channel,purple,"Hand, Price and Pollich"
344,smaslin6z@epa.gov,Armani,black,Johnson Inc
345,srappsdc@w3.org,Burberry,gray,Lebsack and Sons
346,sburgonfm@jalbum.net,D&G,orange,"Little, Mann and Stanton"
347,ccrooked2@domainmarket.com,D&G,brown,Kilback-Nitzsche
348,bpinchind1@latimes.com,Pierre Cardin,green,"Rodriguez, Runolfsson and Hilll"
349,cranfield2d@statcounter.com,Versace,gray,Strosin Inc
350,vcollens2p@google.ru,Burberry,red,Aufderhar-Schmitt
351,ckeach9u@prweb.com,Dior,orange,"Kshlerin, Lockman and Zemlak"
352,pmaliffe6k@tiny.cc,Balenciaga,purple,Mayer Inc
353,adixsonbv@liveinternet.ru,D&G,gray,"Witting, Vandervort and McLaughlin"
354,jotteyn8@theguardian.com,Valentino,gray,Botsford Group
355,tkeallf@sina.com.cn,Prada,white,"Orn, Durgan and Olson"
356,cknewstubdq@google.co.uk,Balenciaga,pink,Funk-Kshlerin
357,sfalcusf5@pbs.org,Channel,orange,Quigley and Sons
358,vbrouncker72@ucoz.ru,Nike,pink,Nader Group
359,aperico8a@nymag.com,Asprey,gray,Beatty Group
360,dbazeleyq8@tripod.com,Pierre Cardin,orange,Howell-Treutel
361,evinto6@umn.edu,Louis Vuitton,black,Fadel Inc
362,kslavinja@irs.gov,Channel,white,"Nicolas, Bins and Hermann"
363,ejorry4d@google.pl,Channel,blue,Luettgen-Satterfield
364,lloosmorenz@ucla.edu,Fendi,purple,Boyer-Crist
365,llessmared0@vkontakte.ru,Tom Ford,yellow,Johnston Group
366,cbarajasmm@huffingtonpost.com,Armani,yellow,"Stoltenberg, Miller and Heller"
367,erobertilg@xinhuanet.com,Valentino,blue,McClure LLC
368,nbagguleybe@auda.org.au,Armani,white,Lebsack Inc
369,csmitherham1n@cnn.com,Nike,black,"Littel, Huels and Collins"
370,dseger8q@netlog.com,Balenciaga,blue,Goodwin-Heidenreich
371,gstutbq@go.com,Balenciaga,yellow,Ward-Upton
372,ssurmeyerdd@ameblo.jp,Channel,gray,"Mueller, Feeney and Osinski"
373,rdebrokepx@constantcontact.com,Louis Vuitton,purple,Blanda Inc
374,plosty7g@dailymotion.com,Gucci,blue,Dare and Sons
375,jotteyn8@theguardian.com,Tom Ford,white,Crist-Dare
376,dmcgowranpg@constantcontact.com,Gucci,yellow,Farrell LLC
377,abonnor5h@lycos.com,Fendi,red,Littel LLC
378,edommerque3i@seesaa.net,Asprey,pink,Roob LLC
379,vpetzoldbg@guardian.co.uk,Prada,orange,Bernier LLC
380,lloosmorenz@ucla.edu,Fendi,brown,Ruecker Group
381,mcotterill6j@comsenz.com,Burberry,purple,Feeney-Schoen
382,jdemangeldk@earthlink.net,Valentino,white,Leuschke-McCullough
383,fdengateo1@army.mil,Tommy Hilfiger,gray,Gibson and Sons
384,qbendixar@hibu.com,Versace,purple,"Buckridge, Hyatt and Sporer"
385,asneezem5v@t-online.de,Versace,orange,Howe LLC
386,sbramolh@spiegel.de,Channel,yellow,Roob-Jast
387,sguinerydr@newyorker.com,Versace,blue,Bosco-Hagenes
388,oblakebrough62@multiply.com,Fendi,brown,Homenick-Parisian
389,dwittletonir@examiner.com,Prada,yellow,Abbott LLC
390,clittlejohnfr@godaddy.com,Pierre Cardin,gray,"Balistreri, Schaden and Anderson"
391,cgipp7s@dyndns.org,Gucci,red,Casper-Runolfsdottir
392,kboolsrf@dropbox.com,Asprey,red,Padberg-Dietrich
393,rstudman9a@seesaa.net,Prada,yellow,"Thompson, O'Reilly and Johns"
394,mmuneelym0@people.com.cn,Balenciaga,black,Weimann-Wiza
395,gbrowningac@woothemes.com,Balenciaga,red,Graham and Sons
396,sgrubynx@nhs.uk,Dior,blue,Kautzer and Sons
397,tboule55@freewebs.com,Dior,yellow,Kuphal Group
398,bmidgleyi0@hatena.ne.jp,Channel,gray,Volkman-Lockman
399,scatterolljt@sogou.com,Asprey,green,"Hermiston, Orn and Bernier"
400,bmatitiahoaj@sciencedaily.com,Armani,white,Altenwerth Inc
401,vbrouncker72@ucoz.ru,Nike,blue,Lang Inc
402,ghacker5o@cbsnews.com,Channel,orange,Dare-Welch
403,tkynecy@seesaa.net,Asprey,blue,Friesen-Reynolds
404,obraneiz@loc.gov,Burberry,orange,Stoltenberg-Simonis
405,gdisdel3n@google.nl,Tommy Hilfiger,orange,"Beahan, Casper and Fadel"
406,acromleye3@list-manage.com,Tommy Hilfiger,green,Mann Group
407,lguillepq@multiply.com,Tom Ford,green,Langosh-McGlynn
408,mreville7q@google.fr,Burberry,brown,Schoen-Larkin
409,akearleyah@cdbaby.com,Prada,white,"Nader, Treutel and Wilkinson"
410,ciansonl6@hugedomains.com,Prada,pink,"Mante, Tromp and Kautzer"
411,aperico8a@nymag.com,Louis Vuitton,white,O'Kon-Robel
412,bleads5w@cdc.gov,Fendi,green,"Skiles, Boehm and Koch"
413,rdarwenjq@tinyurl.com,Versace,gray,O'Conner-Pacocha
414,jhallewellm1@flickr.com,Valentino,yellow,"Hoeger, Tromp and Zemlak"
415,hbackrr@reference.com,Versace,red,"Dare, Barton and Muller"
416,gchaferph@ed.gov,Fendi,green,"Trantow, McKenzie and Tromp"
417,kphilpotshg@multiply.com,Nike,red,Miller-Prohaska
418,lskeggpi@163.com,Versace,orange,Sauer-Kirlin
419,peaklyie@163.com,Nike,red,Tromp-Shanahan
420,npicardoig@networkadvertising.org,Versace,orange,Okuneva and Sons
421,aragbourngl@istockphoto.com,Armani,brown,Aufderhar-Mills
422,amcphelimyl4@redcross.org,D&G,orange,"Cummings, Kautzer and Durgan"
423,jharriman7a@amazon.co.uk,Fendi,red,Christiansen-Halvorson
424,csullivanqw@hao123.com,Gucci,yellow,Hansen-Dare
425,ecatlettemq@xinhuanet.com,Valentino,green,Heathcote-Kautzer
426,bmidgleyi0@hatena.ne.jp,Gucci,blue,Schuster-Schinner
427,lbrophyc6@foxnews.com,Nike,green,Stiedemann Inc
428,gtowlsonls@4shared.com,Gucci,green,Crona-Cormier
429,ttabram5t@sohu.com,Pierre Cardin,orange,Monahan Inc
430,bbatcheldorqh@businessinsider.com,Gucci,purple,"Connelly, Pacocha and Leannon"
431,kdake47@angelfire.com,Asprey,blue,"Spencer, Leffler and Gusikowski"
432,bpellmanr7@pinterest.com,Gucci,yellow,"Mosciski, Lehner and Gislason"
433,gbedwellg5@sciencedaily.com,Valentino,pink,"Welch, Kulas and Dare"
434,jaleksankov1l@linkedin.com,Channel,gray,"Miller, Reynolds and Kemmer"
435,screamen7c@studiopress.com,Prada,yellow,Jaskolski-Mayer
436,lrockliffeix@arizona.edu,Gucci,white,"Zboncak, Hammes and Fay"
437,clafflinacb@sourceforge.net,D&G,orange,Bayer-Ward
438,cfavelleob@jimdo.com,Burberry,brown,Legros LLC
439,mscolaa6@constantcontact.com,Dior,white,Metz Inc
440,mlaxen8d@over-blog.com,Burberry,green,"Lynch, Turner and Barrows"
441,mhelixbi@webmd.com,Tom Ford,orange,Harris LLC
442,jagglione7e@archive.org,Balenciaga,orange,"Lindgren, McCullough and Steuber"
443,rstanley9r@blogtalkradio.com,Valentino,yellow,Adams-Huel
444,cknevitmx@arstechnica.com,Fendi,orange,Lind-Ward
445,holoman3r@dmoz.org,Dior,gray,"Bartoletti, Beer and Harber"
446,lbrophyc6@foxnews.com,Tom Ford,blue,"Gutkowski, Turcotte and Shanahan"
447,akorbmakergs@usatoday.com,D&G,brown,"Runte, Wisoky and Mayer"
448,ikirszgx@hatena.ne.jp,Tom Ford,purple,Graham-Mueller
449,chonigct@dropbox.com,Channel,yellow,Collier-Wuckert
450,trubinow1w@statcounter.com,D&G,white,"Beatty, Klocko and Shanahan"
451,zwesternk9@zdnet.com,Channel,purple,Bashirian-Schaefer
452,srappsdc@w3.org,Pierre Cardin,black,Cormier-Lemke
453,slystona1@webnode.com,Pierre Cardin,gray,Homenick Group
454,ovaszoly7h@a8.net,Prada,orange,"Ankunding, Jacobson and Hessel"
455,atoffanellia7@timesonline.co.uk,Versace,purple,Wisoky Inc
456,kivankovichr@virginia.edu,Tommy Hilfiger,brown,"Bechtelar, Ratke and Konopelski"
457,kmuglestonc5@chicagotribune.com,Asprey,orange,"Hills, Gusikowski and Ernser"
458,nbagguleybe@auda.org.au,Tommy Hilfiger,purple,Glover and Sons
459,gohannenop@myspace.com,Versace,yellow,Weissnat-MacGyver
460,ihebroncz@wikispaces.com,Tommy Hilfiger,pink,"Rempel, Runolfsdottir and Lang"
461,cgillonqs@zimbio.com,Prada,black,Conn-Shields
462,hmingardik@ucoz.com,D&G,gray,"Howe, Bailey and Mills"
463,schiechio7k@china.com.cn,D&G,green,Purdy and Sons
464,dmunganecw@reverbnation.com,Armani,purple,"Keebler, Monahan and Blanda"
465,bcotherilla5@chron.com,Versace,brown,"Deckow, Nicolas and Schamberger"
466,omerrisson3z@hugedomains.com,Dior,brown,"Ziemann, Pfannerstill and Miller"
467,cbierh7@reverbnation.com,Tommy Hilfiger,orange,White-Baumbach
468,vfeasterg3@sun.com,Fendi,white,Kris-Langosh
469,bbassingden14@japanpost.jp,Dior,yellow,"Okuneva, Lowe and Collins"
470,lshawcroftc@live.com,Nike,brown,"Rohan, West and Stanton"
471,gfaichneyl9@mit.edu,Asprey,gray,Little-Daniel
472,dblindermann0@php.net,D&G,brown,Robel Inc
473,mquixleykh@cpanel.net,Balenciaga,gray,McKenzie Group
474,rsaylorm6@xing.com,Tom Ford,yellow,"Schaefer, Herman and Jerde"
475,shinkley43@usatoday.com,Tom Ford,red,Windler-Eichmann
476,dtilsleye5@hubpages.com,Versace,yellow,Kutch Inc
477,bguidoner0@bigcartel.com,Fendi,brown,O'Keefe-Kuhn
478,rmaccourtnw@newsvine.com,Fendi,blue,Thompson-Spencer
479,siveo5@paypal.com,Dior,gray,Stark LLC
480,ninglesfield4a@wufoo.com,Nike,red,Johnston Inc
481,anussiijw@pcworld.com,Dior,purple,"Larkin, Kihn and Heathcote"
482,rmaskewkz@cocolog-nifty.com,Valentino,orange,Brown LLC
483,cknewstubdq@google.co.uk,D&G,blue,Pacocha LLC
484,ccoale2i@facebook.com,Prada,yellow,"Mayer, Witting and Lubowitz"
485,mimlachn1@huffingtonpost.com,D&G,gray,"Bergstrom, Bins and Hane"
486,dwillbrahamej@moonfruit.com,Versace,red,"Swaniawski, Little and Morissette"
487,gwheaton3q@imageshack.us,Balenciaga,blue,"Gislason, Willms and Wilderman"
488,tselwinb8@ustream.tv,Valentino,orange,"Jakubowski, MacGyver and Lakin"
489,vhadcockif@goo.gl,Nike,pink,"Thompson, Dare and Cartwright"
490,chabble9z@noaa.gov,Asprey,green,"Baumbach, Legros and Wolff"
491,zarens6e@businessweek.com,Fendi,red,"Bashirian, Volkman and Mayer"
492,rcrangleri@yandex.ru,Burberry,yellow,Abbott-O'Hara
493,jbyattjf@cornell.edu,D&G,brown,"Koss, McGlynn and McGlynn"
494,cgipp7s@dyndns.org,Pierre Cardin,yellow,Tillman Inc
495,oemilienr6@feedburner.com,Asprey,blue,"Crist, Dach and Welch"
496,dgraalmanspw@ifeng.com,Asprey,yellow,Trantow Inc
497,gpringourhl@google.co.uk,Balenciaga,purple,Wehner LLC
498,atoffanellia7@timesonline.co.uk,Tommy Hilfiger,red,"Jenkins, Conroy and Hilpert"
499,kleguayht@shop-pro.jp,Fendi,red,Orn-Ebert
500,llomenbw@printfriendly.com,Dior,yellow,Altenwerth-Pfeffer
501,rstickleyjp@aol.com,D&G,blue,Jacobson LLC
502,ajosiahfg@yolasite.com,Tom Ford,orange,Wiza-Maggio
503,lskeggpi@163.com,Asprey,blue,Jones-McLaughlin
504,jmoorcraft92@indiegogo.com,Tom Ford,pink,Muller and Sons
505,mwannesr1@instagram.com,Louis Vuitton,blue,"Braun, Senger and Turner"
506,vpiddlehinton9c@uiuc.edu,Fendi,orange,Feest and Sons
507,sthoriusk@i2i.jp,Asprey,green,Will-Bashirian
508,kfeaversng@fastcompany.com,D&G,pink,Huels Inc
509,rregi46@usa.gov,Armani,purple,"Stroman, Reichert and Hills"
510,amikodf@ox.ac.uk,Nike,red,"Haag, Veum and Trantow"
511,kpitsall3y@mtv.com,Valentino,purple,Altenwerth and Sons
512,pfinklz@amazon.com,Fendi,blue,Stoltenberg and Sons
513,ekettleson8n@ocn.ne.jp,Balenciaga,gray,"Tremblay, Anderson and Lemke"
514,rstudman9a@seesaa.net,Dior,brown,Rice-Crooks
515,orudkin4p@hubpages.com,Armani,brown,Hills-Goyette
516,gisbellhh@360.cn,Nike,gray,"Smith, Von and Kassulke"
517,jfermindj@wordpress.com,Burberry,yellow,"Sporer, Ratke and Ullrich"
518,zcluney1i@blinklist.com,Channel,blue,Botsford-Legros
519,jciccottini45@newsvine.com,D&G,pink,"Fritsch, Bartoletti and Hand"
520,gpowleslandr5@apache.org,Burberry,yellow,"Huel, Larkin and Auer"
521,gtowlsonls@4shared.com,Valentino,pink,"Schaefer, Rowe and Pfeffer"
522,gmandrake3h@sun.com,Prada,white,Huel-Hermiston
523,ekettleson8n@ocn.ne.jp,Fendi,brown,"Koelpin, Leannon and Kautzer"
524,csabate1o@scribd.com,Nike,brown,Feeney and Sons
525,gsimpkinmc@scientificamerican.com,Tom Ford,red,Schiller-Toy
526,jwooles17@linkedin.com,Gucci,yellow,"Koelpin, Bernier and Macejkovic"
527,dtennanteu@jalbum.net,Balenciaga,gray,"Muller, Kuhn and Mueller"
528,fshoppeelc@i2i.jp,Gucci,yellow,Schultz-Upton
529,chonigct@dropbox.com,Asprey,orange,"Bosco, Armstrong and Erdman"
530,sguillford8@statcounter.com,Channel,white,Bins and Sons
531,psnibson8f@newyorker.com,Burberry,blue,Toy Inc
532,tbenedikt4n@stanford.edu,Prada,pink,Larson-Johnston
533,hmingardik@ucoz.com,Fendi,brown,Considine-Klein
534,mquixleykh@cpanel.net,Nike,pink,Collier-Turcotte
535,edommerque3i@seesaa.net,Fendi,blue,Collier-Hane
536,gisbellhh@360.cn,Pierre Cardin,red,Swaniawski Group
537,dbissfe@com.com,Asprey,gray,Towne Inc
538,skystonkk@mtv.com,Asprey,black,Pacocha Group
539,vandriveaud@example.com,Pierre Cardin,blue,Tillman-Kuhic
540,tedgett10@cbslocal.com,Prada,pink,"Effertz, Kub and Keebler"
541,raxelbeefn@alexa.com,Louis Vuitton,orange,Mills-Gorczany
542,ekillbey34@chicagotribune.com,Prada,white,Goyette-Funk
543,sbatisse6l@archive.org,Louis Vuitton,brown,Hansen-Rippin
544,emattheeuwjh@reddit.com,Versace,gray,"Collier, Yundt and Bailey"
545,mbaldinottibl@cmu.edu,Asprey,pink,"Bergnaum, Brekke and Jast"
546,lcanwellee@cdc.gov,Prada,blue,"Jenkins, Bergnaum and Johnson"
547,mbainsfu@businessinsider.com,Pierre Cardin,red,"Ratke, Roberts and Hickle"
548,ileadbeatterqe@psu.edu,D&G,green,Hessel-Johnston
549,ecordym5@homestead.com,Louis Vuitton,orange,Reynolds-Reichert
550,fstodartmd@tinypic.com,Asprey,pink,"Hoppe, Dare and Feest"
551,ecoggella0@europa.eu,Dior,black,Krajcik-Koelpin
552,tthying9t@facebook.com,Balenciaga,orange,Purdy Group
553,pjarradnf@google.com.br,Dior,red,"O'Keefe, Gleichner and Lueilwitz"
554,rbunston65@blog.com,Tom Ford,brown,Shanahan-Bednar
555,dcaileje@ihg.com,Nike,white,Powlowski-Schroeder
556,dmunganecw@reverbnation.com,Valentino,brown,Cremin LLC
557,kdake47@angelfire.com,Versace,gray,Willms LLC
558,eleverettdh@hatena.ne.jp,Versace,brown,"Eichmann, Corkery and Hickle"
559,eheppenspallrn@time.com,Tommy Hilfiger,brown,"Terry, Gusikowski and Will"
560,fblundellem@mapquest.com,Prada,white,"Zieme, Nolan and Donnelly"
561,dblindermann0@php.net,Dior,red,McGlynn LLC
562,odeeves2b@unblog.fr,Fendi,black,"Glover, Witting and Crona"
563,hmcintoshk8@oracle.com,Asprey,yellow,Runte LLC
564,kpitsonia@drupal.org,Pierre Cardin,gray,Streich-Mayert
565,jcastellone3@yahoo.co.jp,Balenciaga,pink,Streich-Leuschke
566,ndollen90@free.fr,Pierre Cardin,orange,Graham Group
567,jdeortega91@ftc.gov,D&G,white,Mayer Inc
568,splues69@mac.com,Louis Vuitton,yellow,"Ernser, Bauch and Kshlerin"
569,bswateridgemi@issuu.com,Fendi,brown,Hoppe-Dooley
570,rsineyll@typepad.com,Channel,orange,Ortiz-Wisoky
571,lwisby9h@wired.com,Tom Ford,red,Thompson Inc
572,bfossickl7@theguardian.com,Armani,gray,Flatley-Effertz
573,ymanie22@ca.gov,Gucci,orange,Auer-Harris
574,fhadleighcg@tmall.com,Versace,pink,Jast Group
575,cmawditte1@sakura.ne.jp,Versace,brown,Ferry-Emard
576,dwedderburnrp@arstechnica.com,Prada,black,"Schuster, Effertz and Effertz"
577,cwilcockesn9@engadget.com,Dior,white,Herzog-Homenick
578,sworsnop8y@apache.org,Tommy Hilfiger,gray,Collins-Waelchi
579,emacgilpatrickc4@thetimes.co.uk,Tommy Hilfiger,pink,Kuvalis Inc
580,joswald1b@ameblo.jp,Louis Vuitton,yellow,Torphy Group
581,vblunsuml0@mayoclinic.com,Pierre Cardin,brown,"Brown, Feil and Stracke"
582,soatsgz@netlog.com,Asprey,brown,Emmerich Group
583,erozzieraw@geocities.jp,Tom Ford,black,Morissette-Dare
584,hgroganlv@prlog.org,Tommy Hilfiger,pink,Kilback-Tremblay
585,bpeironecu@nature.com,Tommy Hilfiger,gray,"Schinner, Okuneva and Larson"
586,ptomczykiewiczc7@ed.gov,Prada,purple,"Prosacco, Lueilwitz and Lakin"
587,cpottereo@printfriendly.com,Pierre Cardin,blue,Hudson-Nitzsche
588,blaugacv@opera.com,Tommy Hilfiger,green,Bauch-Bednar
589,sburgonfm@jalbum.net,Tommy Hilfiger,pink,"Durgan, Emmerich and Beahan"
590,gstapletonb3@nps.gov,Fendi,pink,Denesik LLC
591,epummeryf0@nasa.gov,Burberry,orange,Maggio and Sons
592,bwildscp@discuz.net,Channel,green,Kessler-Towne
593,csharple4w@bbb.org,Gucci,brown,"Wehner, Vandervort and Wyman"
594,tthying9t@facebook.com,Tom Ford,black,Hermiston Group
595,gjobin2@soundcloud.com,Armani,red,Zemlak Inc
596,pkleiserqr@independent.co.uk,D&G,blue,O'Connell Inc
597,bacey89@telegraph.co.uk,Louis Vuitton,orange,Runolfsdottir-Nolan
598,lcaudrelierio@twitpic.com,Asprey,red,"Kub, Connelly and Kessler"
599,gmeanwellea@mozilla.org,Nike,red,Tillman Inc
600,jcourtney1d@ihg.com,Balenciaga,black,Kohler and Sons
601,aketcherdi@google.co.jp,Versace,white,Schuppe-Considine
602,mdebellpy@i2i.jp,Nike,green,Considine-Cassin
603,jatkinsonj5@jiathis.com,Louis Vuitton,green,Bashirian-Toy
604,acarrodusn0@gizmodo.com,Tom Ford,red,Lueilwitz and Sons
605,sbrosnana9@hostgator.com,Fendi,purple,Lowe Inc
606,sverrallf1@va.gov,Prada,green,Greenfelder Inc
607,ajosselsohnek@ehow.com,Valentino,white,Reichel-Ratke
608,gcleaverf7@nih.gov,Versace,yellow,Johnston and Sons
609,kmuglestonc5@chicagotribune.com,D&G,pink,Hackett LLC
610,ymachosteu@skype.com,Channel,pink,Klocko-Thompson
611,cjanuszewskif3@nps.gov,Pierre Cardin,red,Cormier-Zulauf
612,bmidgleyi0@hatena.ne.jp,Prada,gray,Rohan-Hegmann
613,bbassingden14@japanpost.jp,Pierre Cardin,gray,Quitzon-Hackett
614,sorvispr@samsung.com,D&G,gray,Christiansen Group
615,nwhitmandy@skype.com,Armani,white,Stark Inc
616,pmaliffe6k@tiny.cc,Gucci,green,"Eichmann, Koepp and Carroll"
617,cchumley9w@about.me,Pierre Cardin,purple,"Stehr, Boehm and Marvin"
618,cwilcockesn9@engadget.com,Fendi,red,Beier Inc
619,erozzieraw@geocities.jp,Armani,purple,Weimann-Anderson
620,fshoppeelc@i2i.jp,Tommy Hilfiger,red,Koepp-Glover
621,mwelfordc9@washingtonpost.com,Channel,purple,Ryan-Harris
622,mmacconchie57@example.com,Valentino,pink,Runolfsdottir and Sons
623,dmalek58@exblog.jp,Armani,blue,Walter and Sons
624,rfairrie7j@sohu.com,Balenciaga,green,"Ledner, Ward and Baumbach"
625,gaksellmk@time.com,Balenciaga,black,Klocko-Strosin
626,lmccullough84@auda.org.au,Fendi,orange,Hermiston LLC
627,mwoolattkc@shutterfly.com,Channel,gray,"Mayert, Harber and Ruecker"
628,swindrassli@mail.ru,Fendi,blue,"Jacobson, Ondricka and Toy"
629,nnortunenfw@youtube.com,Nike,pink,"O'Connell, Wolf and Pollich"
630,pholdinbb@drupal.org,Asprey,orange,Cummings Inc
631,nnortunenfw@youtube.com,Asprey,white,O'Reilly-Gerlach
632,dspedronibc@amazon.de,D&G,yellow,Mosciski Inc
633,mpllu7u@globo.com,Balenciaga,blue,Toy and Sons
634,lormanho@google.it,Tom Ford,brown,"Armstrong, Runte and Boyer"
635,erobertilg@xinhuanet.com,Louis Vuitton,yellow,"Lakin, Mills and Volkman"
636,nbagguleybe@auda.org.au,Versace,brown,O'Conner-Durgan
637,kmacconchie7p@digg.com,Nike,gray,Crona LLC
638,cranfield2d@statcounter.com,Tommy Hilfiger,white,Kozey-Buckridge
639,mriedigerg@senate.gov,Burberry,gray,"Flatley, Hackett and Carter"
640,cpottereo@printfriendly.com,Fendi,black,Feil Inc
641,egreethamhc@businessweek.com,Burberry,orange,Shields-DuBuque
642,nmecconb@pen.io,Tom Ford,brown,Luettgen-Ullrich
643,tedgett10@cbslocal.com,Valentino,blue,Eichmann-Rippin
644,cgosswellg2@state.tx.us,Fendi,green,Powlowski and Sons
645,dtennanteu@jalbum.net,Asprey,pink,Zemlak-Murazik
646,nwynterr9@chronoengine.com,Burberry,black,Kuphal-Reilly
647,ngobel2l@statcounter.com,Versace,purple,Lindgren-Medhurst
648,fpatroni20@scribd.com,Armani,green,Kulas-Littel
649,jgurneee2@dell.com,Fendi,brown,"O'Keefe, Nicolas and MacGyver"
650,hnehls4g@dagondesign.com,Gucci,brown,MacGyver LLC
651,jgurneee2@dell.com,Gucci,purple,"Cruickshank, Johns and Hilpert"
652,adennettmt@yahoo.co.jp,Nike,red,Klocko and Sons
653,jcourtney1d@ihg.com,Louis Vuitton,pink,Nienow-Williamson
654,cfrancombj@unblog.fr,Gucci,brown,Hickle and Sons
655,rliddyo2@mail.ru,Asprey,blue,"O'Connell, Steuber and Sauer"
656,gdecazerg@qq.com,Prada,red,Connelly-Keebler
657,gdisdel3n@google.nl,Armani,black,Howe-Bernhard
658,rmcbrydehy@theglobeandmail.com,Dior,blue,Gleason LLC
659,nsellars49@1688.com,D&G,purple,Wiza-Rowe
660,ybootsz@ftc.gov,Nike,green,"Larkin, Effertz and Weber"
661,mthorpoj@privacy.gov.au,Fendi,gray,Wiza-Kuhn
662,wgovan3t@4shared.com,Dior,black,Murray LLC
663,kmorland86@amazon.com,Valentino,yellow,Upton-Walsh
664,srasmusfx@wp.com,Prada,orange,Lynch-Hegmann
665,mrhodesns@usda.gov,Versace,green,Osinski-Goyette
666,kingleton3f@state.tx.us,Armani,yellow,Feest-Farrell
667,mparadinedw@guardian.co.uk,Louis Vuitton,white,Hauck LLC
668,nbagguleybe@auda.org.au,Gucci,orange,Balistreri and Sons
669,cwillingam3g@macromedia.com,D&G,blue,Quigley and Sons
670,jadney6s@ted.com,Dior,gray,"Oberbrunner, Gulgowski and Ratke"
671,npicardoig@networkadvertising.org,Fendi,purple,Haag Inc
672,swindrassli@mail.ru,Asprey,gray,"Feest, Murphy and Runolfsdottir"
673,tvassman7d@whitehouse.gov,Asprey,pink,"Smith, O'Conner and Blick"
674,gtythertonj7@cdbaby.com,Versace,blue,Hoeger-Ratke
675,dsearsbyh1@jiathis.com,Versace,orange,Hudson-Ziemann
676,lransonq5@discuz.net,Prada,purple,Lindgren and Sons
677,bcollar38@apache.org,Balenciaga,red,Spinka-Hartmann
678,amccurlye44@mediafire.com,Channel,black,"Hintz, Kiehn and Rice"
679,wallaker9i@t.co,Tommy Hilfiger,purple,Schmidt Group
680,driglesfordo4@hugedomains.com,Pierre Cardin,black,Goldner Group
681,smerrikin1u@sfgate.com,Louis Vuitton,yellow,"Haley, Heidenreich and Murazik"
682,nboylanl5@columbia.edu,Valentino,green,Zboncak Inc
683,hfordkg@meetup.com,Burberry,orange,Kuphal LLC
684,bbardb0@bloomberg.com,D&G,green,Funk and Sons
685,tgussie7y@bloomberg.com,Nike,red,"Rolfson, Cassin and Pfeffer"
686,mguerryj1@bing.com,Armani,green,Sawayn Inc
687,gwressellmy@list-manage.com,Tommy Hilfiger,orange,Huels Inc
688,llafayeeh@nih.gov,Asprey,orange,Grant-Schmidt
689,jsleightij@ted.com,Valentino,white,Mueller Inc
690,kbeaverh@technorati.com,Tommy Hilfiger,brown,Sauer-Haley
691,mworledgebj@blogspot.com,Balenciaga,gray,Glover Group
692,isilbermannin@bluehost.com,Balenciaga,blue,Huel Group
693,skystonkk@mtv.com,Gucci,purple,Lebsack Inc
694,monians4s@printfriendly.com,Burberry,green,Metz Inc
695,cgillonqs@zimbio.com,Dior,black,Grady LLC
696,fkildalea@nbcnews.com,Pierre Cardin,blue,"McKenzie, Roberts and Marquardt"
697,ecoggella0@europa.eu,Tom Ford,yellow,Glover LLC
698,cgutierrezmn@noaa.gov,Armani,red,"Kreiger, Schulist and O'Reilly"
699,pmcilhaggap@flavors.me,Prada,black,Stroman-Fisher
700,nmecconb@pen.io,Nike,white,"Mertz, Ziemann and Jerde"
701,lliveley5y@loc.gov,Asprey,yellow,"Wilderman, Buckridge and Paucek"
702,phabbaljx@google.it,Louis Vuitton,blue,"Durgan, Bode and Krajcik"
703,kpenimanpa@abc.net.au,Nike,purple,Skiles and Sons
704,icausbey94@weebly.com,Armani,purple,Klocko-Ondricka
705,fdengateo1@army.mil,Pierre Cardin,black,Bernier Inc
706,mcawthorne5f@umich.edu,Nike,white,Ryan-Windler
707,ymanie22@ca.gov,Tom Ford,red,Leuschke and Sons
708,rdarwenjq@tinyurl.com,Tommy Hilfiger,brown,D'Amore LLC
709,ilibreyfy@mlb.com,Valentino,purple,"Dickens, Hartmann and Becker"
710,mscrivensbn@blogtalkradio.com,Balenciaga,white,Lowe-Wolff
711,kjecksl1@about.com,Fendi,purple,Metz Inc
712,etraskt@bravesites.com,Asprey,purple,"Smith, Halvorson and Dickens"
713,bpenhaligondn@free.fr,Armani,brown,Hessel-Mitchell
714,hryrie29@dailymail.co.uk,Fendi,brown,"Krajcik, Collier and Stoltenberg"
715,obraneiz@loc.gov,Channel,red,Miller and Sons
716,joswald1b@ameblo.jp,Pierre Cardin,yellow,"Daniel, Renner and Bergstrom"
717,cmucklestonep6@army.mil,Louis Vuitton,black,Dietrich and Sons
718,oblakebrough62@multiply.com,Nike,red,"Doyle, Predovic and Hahn"
719,corringe7@samsung.com,D&G,black,"Bauch, Quigley and Walker"
720,vagg5m@guardian.co.uk,Burberry,pink,"Flatley, Lakin and Ward"
721,aketcherdi@google.co.jp,Fendi,red,"Wunsch, Zieme and Russel"
722,mlearoydil@seesaa.net,Tom Ford,white,"Okuneva, Ernser and Heller"
723,twiddows4u@marketwatch.com,Louis Vuitton,orange,Ratke Inc
724,bcorah6u@kickstarter.com,Fendi,orange,Quitzon-Senger
725,pfettesfa@cam.ac.uk,Burberry,orange,Kuhic Group
726,ddaudap@so-net.ne.jp,Asprey,pink,"Paucek, Bailey and Stokes"
727,gcowplandnp@toplist.cz,Nike,pink,Feil-Abshire
728,llomenbw@printfriendly.com,Nike,orange,"Baumbach, Little and Marvin"
729,aveldstra6d@freewebs.com,Balenciaga,brown,"Durgan, Larkin and Murazik"
730,asneezem5v@t-online.de,Burberry,gray,Rice-Davis
731,pcorona95@simplemachines.org,Prada,yellow,"Bernhard, Bartoletti and Zemlak"
732,lkerridgelw@nbcnews.com,Louis Vuitton,white,"Kiehn, Rohan and Wilkinson"
733,gibotson9p@jimdo.com,Armani,blue,Crooks LLC
734,lclementq9@histats.com,Pierre Cardin,red,Swift and Sons
735,jfurneauxhb@behance.net,Nike,red,Becker-Quitzon
736,tkubachd9@economist.com,Nike,green,Moen Group
737,tedgett10@cbslocal.com,Tom Ford,red,Gibson-Gibson
738,oelliott4r@ucoz.ru,Louis Vuitton,purple,Koepp Group
739,scatterolljt@sogou.com,Tommy Hilfiger,pink,"Auer, Ondricka and Bode"
740,chugenindz@craigslist.org,Fendi,yellow,Smith Group
741,lgurdonjr@unesco.org,Balenciaga,brown,"Medhurst, Krajcik and Lehner"
742,jblaxlandej0@amazon.co.uk,Tommy Hilfiger,blue,Hartmann LLC
743,lketton1v@buzzfeed.com,Tommy Hilfiger,red,"Rolfson, Bruen and Kozey"
744,gshrimplinfq@friendfeed.com,D&G,gray,Tillman-Reichert
745,edommerque3i@seesaa.net,Channel,pink,"Adams, McDermott and McGlynn"
746,ygoodings7m@devhub.com,Louis Vuitton,white,"Trantow, Blick and Kling"
747,ciansonl6@hugedomains.com,D&G,orange,Franecki and Sons
748,nwillgressi8@apache.org,Channel,blue,Hirthe-Leannon
749,cpottereo@printfriendly.com,Prada,green,Hansen-Labadie
750,hmingardik@ucoz.com,Pierre Cardin,brown,"Langosh, Rice and Schmidt"
751,fdollin1t@engadget.com,Balenciaga,yellow,"Weimann, Nikolaus and Barton"
752,kfickenm7@youtube.com,Fendi,blue,"Dach, Corwin and Stokes"
753,ialtik2@parallels.com,Louis Vuitton,red,Brown-Lockman
754,adurtnalllx@flavors.me,Asprey,blue,Feest-Lind
755,aketcherdi@google.co.jp,Fendi,green,Williamson Inc
756,rcohn8v@prlog.org,Tommy Hilfiger,blue,Wisoky and Sons
757,rdivespf@cocolog-nifty.com,Dior,white,"Stokes, Dickens and Mills"
758,cbrownsworth75@yellowpages.com,Versace,purple,Williamson-Waters
759,mcawthorne5f@umich.edu,Pierre Cardin,purple,"Adams, Cronin and Wyman"
760,cmawditte1@sakura.ne.jp,Gucci,brown,Schamberger Inc
761,pthomingakl@bloglovin.com,Armani,brown,Spencer Inc
762,rstudman9a@seesaa.net,Channel,white,Wolf Group
763,pdaudraynj@arizona.edu,Asprey,purple,"Lind, Klein and Ritchie"
764,ovaszoly7h@a8.net,Louis Vuitton,orange,Hilll Inc
765,aketcherdi@google.co.jp,Tom Ford,gray,West-Wisozk
766,mmacconchie57@example.com,D&G,green,"Prohaska, Ward and Haley"
767,lmcclurg6p@com.com,Louis Vuitton,orange,Rosenbaum Group
768,lyairqq@harvard.edu,Balenciaga,yellow,Pouros Inc
769,cgillonqs@zimbio.com,Fendi,green,Blanda and Sons
770,jferdinand1g@flickr.com,Fendi,gray,Waelchi-Bradtke
771,bjedraszczykot@delicious.com,Nike,purple,"O'Keefe, Hodkiewicz and Wisoky"
772,vbrouncker72@ucoz.ru,Burberry,pink,"Emmerich, Boyer and Baumbach"
773,fforrest3b@histats.com,Gucci,red,Murray and Sons
774,gchaferph@ed.gov,Prada,gray,Goyette-Crist
775,dwedderburnrp@arstechnica.com,Pierre Cardin,pink,Davis Inc
776,efairniekv@moonfruit.com,Dior,purple,"Wiegand, Balistreri and Thiel"
777,ebettenay2r@naver.com,Dior,yellow,Oberbrunner LLC
778,rsaylorm6@xing.com,Dior,purple,"Johns, Wilderman and Lebsack"
779,abaszkiewiczq@dedecms.com,Valentino,green,Torphy-Bernhard
780,dhandrahan9m@marriott.com,Tom Ford,black,Eichmann LLC
781,agaynsfordv@tripod.com,Burberry,brown,"Smith, Ratke and Labadie"
782,lvictoria66@photobucket.com,Tommy Hilfiger,orange,Marquardt Group
783,slanderd8@state.tx.us,Burberry,black,Williamson-Miller
784,mimlachn1@huffingtonpost.com,Prada,brown,"Bartoletti, Waters and Roberts"
785,cbushnellk1@yandex.ru,Armani,black,Swift Group
786,adixsonbv@liveinternet.ru,Gucci,blue,Gutmann LLC
787,palloisim9@bbb.org,Nike,white,Buckridge Group
788,wminnockp8@biblegateway.com,Asprey,gray,Schinner Group
789,nsizelandf6@usa.gov,Fendi,green,Hammes LLC
790,rgentile6m@plala.or.jp,D&G,yellow,Nienow-Weber
791,ddaudap@so-net.ne.jp,Gucci,blue,Roberts and Sons
792,jdeortega91@ftc.gov,Versace,blue,"Roberts, Friesen and Johnston"
793,dtuft1f@gizmodo.com,Prada,orange,Abshire-Moen
794,rmaccourtnw@newsvine.com,Tommy Hilfiger,blue,Hyatt-Strosin
795,rmarshlandr@ocn.ne.jp,Channel,pink,"Bins, Schaden and Block"
796,dbentzennh@timesonline.co.uk,Prada,green,Heller-Kling
797,lmcclurg6p@com.com,Louis Vuitton,green,Bernhard and Sons
798,rfairrie7j@sohu.com,Balenciaga,pink,Koepp LLC
799,eleverettdh@hatena.ne.jp,Pierre Cardin,white,Stark Inc
800,selloy60@toplist.cz,Pierre Cardin,gray,"Murray, Berge and Tromp"
801,epummeryf0@nasa.gov,Tommy Hilfiger,orange,"McLaughlin, Stanton and Rohan"
802,elerwill7b@arstechnica.com,Dior,blue,Medhurst Group
803,aeamcm@amazonaws.com,Nike,purple,Kemmer-Langosh
804,spendergastnu@eventbrite.com,D&G,pink,Stiedemann-Bernier
805,bfossickl7@theguardian.com,Prada,red,Carter Inc
806,bboatrightn2@dot.gov,Valentino,yellow,Gottlieb Group
807,tnevett1s@over-blog.com,Tommy Hilfiger,white,Harber and Sons
808,jciccottini45@newsvine.com,Burberry,purple,"Marquardt, Klein and Ratke"
809,mgatlinkr@naver.com,D&G,brown,"Marks, Kling and Schroeder"
810,rharmstone2u@oaic.gov.au,Valentino,green,Beahan LLC
811,dasch31@time.com,Channel,pink,"Kuvalis, Smitham and Abbott"
812,rbunston65@blog.com,Pierre Cardin,green,"McLaughlin, Hills and Kris"
813,tmcaulayb6@issuu.com,Gucci,yellow,MacGyver Group
814,adurtnalllx@flavors.me,Valentino,pink,"Rolfson, Doyle and Anderson"
815,dhatchmaneb@webeden.co.uk,Dior,white,Morar-Parker
816,lcharonib@wordpress.com,Louis Vuitton,pink,Murray-Krajcik
817,sdooreme@meetup.com,Fendi,pink,Yost LLC
818,pstylesoc@tmall.com,Asprey,black,Mayert-Bednar
819,oboeckeh2@goo.ne.jp,Burberry,orange,Cummerata Group
820,skruszelnicki4l@g.co,Burberry,blue,"Rutherford, Miller and Stanton"
821,mrearyhv@wordpress.com,Louis Vuitton,purple,"Heller, Bahringer and Ratke"
822,aboaler2o@a8.net,Louis Vuitton,green,Turcotte-Weissnat
823,aafonsok4@alexa.com,Louis Vuitton,orange,Douglas-Abernathy
824,abultermw@phpbb.com,Valentino,gray,Kuhic-Ryan
825,abarffae@huffingtonpost.com,Channel,green,Waelchi Inc
826,nwhitmandy@skype.com,Fendi,purple,Mante-Mayert
827,bfielderjz@live.com,Tommy Hilfiger,purple,"Koepp, Steuber and Dare"
828,ygoodings7m@devhub.com,Valentino,purple,"Bailey, Nitzsche and Lubowitz"
829,rmaccourtnw@newsvine.com,Pierre Cardin,yellow,O'Keefe LLC
830,amccurlye44@mediafire.com,D&G,black,Kuhic-Hand
831,acossticko@va.gov,Tommy Hilfiger,yellow,Krajcik-Funk
832,sverrallf1@va.gov,Tommy Hilfiger,gray,Fritsch-Kub
833,mscawenpk@yandex.ru,D&G,orange,Schultz Inc
834,cgutierrezmn@noaa.gov,Gucci,white,Hansen and Sons
835,ekillbey34@chicagotribune.com,Versace,brown,"Mante, Ledner and Kerluke"
836,mgarbottck@senate.gov,Tommy Hilfiger,gray,Weimann Inc
837,voxbiepb@angelfire.com,Nike,blue,Powlowski Inc
838,mmuneelym0@people.com.cn,Channel,white,"Wisoky, Bogisich and Hudson"
839,soatsgz@netlog.com,Versace,blue,Ziemann and Sons
840,cfantonettiq7@springer.com,Tommy Hilfiger,brown,Fritsch Group
841,abarffae@huffingtonpost.com,Valentino,purple,Tromp Inc
842,wdrysdallod@imageshack.us,D&G,yellow,"Champlin, Baumbach and Botsford"
843,tselwinb8@ustream.tv,Asprey,black,"Deckow, Bins and Macejkovic"
844,gtythertonj7@cdbaby.com,Channel,gray,"Schroeder, Denesik and Ondricka"
845,cpaddingtonqk@bigcartel.com,Prada,white,Koelpin-Veum
846,jbeurich4x@umich.edu,Balenciaga,green,Block-Rodriguez
847,rsaylorm6@xing.com,Prada,brown,Kassulke Group
848,cclaibournb2@sphinn.com,D&G,white,Hayes-Wolff
849,grothon28@geocities.com,Versace,blue,"Howe, Baumbach and Swaniawski"
850,opiochni@hc360.com,Asprey,orange,"Robel, Davis and Harvey"
851,awalcot35@list-manage.com,Fendi,yellow,"Little, Christiansen and Padberg"
852,arowantreelq@github.io,Versace,pink,Littel and Sons
853,mcawthorne5f@umich.edu,Balenciaga,gray,"Robel, Torp and Blanda"
854,tkeallf@sina.com.cn,Versace,gray,Luettgen-Corwin
855,rorbinebp@studiopress.com,Channel,brown,"Sauer, Connelly and Sporer"
856,vpetzoldbg@guardian.co.uk,Pierre Cardin,orange,Pacocha-Zieme
857,lchaters2a@guardian.co.uk,Asprey,gray,Schuppe LLC
858,rliddyo2@mail.ru,Channel,purple,"Kohler, Hyatt and Morar"
859,lkobes3l@pen.io,Burberry,red,"Friesen, Waelchi and Larson"
860,kpitsall3y@mtv.com,Nike,blue,Grimes-Schinner
861,rheavyside5g@techcrunch.com,Burberry,white,"Kulas, Lang and Hilll"
862,jhallewellm1@flickr.com,Fendi,blue,Barton-Batz
863,raaronsohnos@chicagotribune.com,Pierre Cardin,red,Ledner Group
864,ghitzmannog@xing.com,Tom Ford,orange,Murazik-Gislason
865,ualexandrescu2y@seesaa.net,Valentino,black,"Price, Daugherty and Hudson"
866,pmcilhaggap@flavors.me,Versace,gray,Pacocha-Turcotte
867,klivingstone8@deliciousdays.com,Dior,gray,Keebler LLC
868,klivingstone8@deliciousdays.com,Channel,red,Vandervort-Rowe
869,adelaeglise7n@nature.com,Burberry,black,Streich LLC
870,joswald1b@ameblo.jp,Valentino,brown,"Parisian, Corwin and Wehner"
871,bgoldsoniw@simplemachines.org,Armani,blue,"Dickinson, Hackett and Koepp"
872,rharmstone2u@oaic.gov.au,D&G,gray,"Daniel, Keebler and Kuphal"
873,cpomfrettrm@google.com.hk,Tom Ford,gray,Friesen Inc
874,mbaldinottibl@cmu.edu,Nike,red,White-Schulist
875,dsansay@studiopress.com,Gucci,yellow,"Bauch, Kerluke and Howell"
876,lgossere@about.me,Versace,yellow,"Gutkowski, Douglas and Konopelski"
877,mbeetham1p@ca.gov,Versace,gray,Treutel-Carroll
878,khurrellqz@netscape.com,Burberry,red,Sawayn and Sons
879,jhallewellm1@flickr.com,Pierre Cardin,red,Kessler-Stoltenberg
880,rbilbeelm@engadget.com,Dior,orange,"Konopelski, Gleason and Gerlach"
881,tvassman7d@whitehouse.gov,Burberry,black,Halvorson Group
882,jromaines59@sphinn.com,Armani,red,Bins Group
883,rhanstockbm@qq.com,Versace,green,"O'Hara, Conn and Leffler"
884,rivachyov8g@miitbeian.gov.cn,Prada,red,"Runte, West and Schroeder"
885,ecordym5@homestead.com,Fendi,pink,Lockman and Sons
886,phabbaljx@google.it,Burberry,purple,"McLaughlin, Wolff and Torphy"
887,vagg5m@guardian.co.uk,Armani,blue,"Rath, Schmidt and Denesik"
888,ibranchflower78@un.org,Dior,purple,Mitchell Inc
889,ddallines@google.com.br,Dior,pink,"Ankunding, Mueller and Labadie"
890,myesininn4@hugedomains.com,Tom Ford,pink,"Lueilwitz, Fritsch and Moore"
891,njarayd5@weibo.com,Armani,brown,Daugherty LLC
892,kboolsrf@dropbox.com,Tom Ford,green,Mitchell Group
893,nbressonju@ebay.co.uk,Louis Vuitton,green,"Jacobi, Langosh and Strosin"
894,ghacker5o@cbsnews.com,Tommy Hilfiger,purple,"Dooley, O'Hara and Fadel"
895,toakwelllj@utexas.edu,Dior,orange,"Ruecker, Ratke and Wolf"
896,ualexandrescu2y@seesaa.net,Burberry,black,Hauck and Sons
897,ahaxbyjj@opensource.org,Balenciaga,brown,Homenick Group
898,akorbmakergs@usatoday.com,Asprey,yellow,"Tillman, Schroeder and Hodkiewicz"
899,obraneiz@loc.gov,Balenciaga,pink,"Bartoletti, Williamson and Rowe"
900,ascrancheri6@cbslocal.com,Fendi,black,Leannon Group
901,tgussie7y@bloomberg.com,Valentino,pink,"Howe, Keeling and Zulauf"
902,dspedronibc@amazon.de,Fendi,orange,Powlowski Inc
903,jdeortega91@ftc.gov,Asprey,yellow,"McCullough, Quigley and Hansen"
904,acannanqt@spotify.com,Balenciaga,blue,Hoeger Inc
905,srappsdc@w3.org,Valentino,gray,Rice-Grady
906,binglissb1@phoca.cz,Louis Vuitton,brown,"Torp, Bartell and Borer"
907,jwitteyoh@springer.com,D&G,white,Botsford Inc
908,afroneket@wufoo.com,Dior,yellow,"Smith, Kub and Mraz"
909,fcottey7f@bravesites.com,Asprey,yellow,Lockman LLC
910,rhedylstone7l@pen.io,Tom Ford,white,"Littel, Crooks and McKenzie"
911,tselwinb8@ustream.tv,Fendi,gray,Cronin-Beahan
912,dkynetonmu@nih.gov,Gucci,brown,Hegmann-Kovacek
913,dbuterton8c@ucoz.ru,D&G,red,Nolan Inc
914,darlettnn@sohu.com,Versace,gray,"Wintheiser, Johnston and Volkman"
915,fdengateo1@army.mil,Valentino,brown,Okuneva Group
916,llomenbw@printfriendly.com,D&G,orange,Turcotte Group
917,fossennaj6@si.edu,Fendi,purple,Crona Group
918,rregi46@usa.gov,Balenciaga,black,"Hoeger, Tremblay and Mraz"
919,mburletonpj@slate.com,Balenciaga,brown,Schinner-Doyle
920,gmeanwellea@mozilla.org,Asprey,blue,Cole-Shields
921,kphilpotshg@multiply.com,Pierre Cardin,gray,Ward LLC
922,hbricekq@twitpic.com,Valentino,purple,Denesik-Rippin
923,zsmewingfc@vinaora.com,Tom Ford,black,"Walker, Schneider and Jenkins"
924,rdurbynp0@ovh.net,Asprey,black,Ziemann Group
925,gfaichneyl9@mit.edu,Channel,red,DuBuque and Sons
926,sfalcusf5@pbs.org,Tommy Hilfiger,red,Armstrong Inc
927,efairniekv@moonfruit.com,Prada,gray,Welch and Sons
928,lbrotheridgepv@disqus.com,Channel,gray,"Aufderhar, Aufderhar and Bednar"
929,hyaknov3j@harvard.edu,Versace,purple,O'Connell Inc
930,tmcclaurien7@about.me,Pierre Cardin,yellow,Fadel-Parker
931,tdresselon@ted.com,Armani,brown,Schmitt and Sons
932,cjanuszewskif3@nps.gov,Fendi,black,Shanahan-O'Keefe
933,eleverettdh@hatena.ne.jp,Burberry,purple,Bode-O'Hara
934,ckeach9u@prweb.com,Nike,orange,Hahn-Hirthe
935,ahardes8p@state.tx.us,Burberry,black,Kulas and Sons
936,lrockliffeix@arizona.edu,Channel,black,Zulauf-Auer
937,etraskt@bravesites.com,Nike,red,"Zemlak, Kozey and Hyatt"
938,qfendlow8u@networksolutions.com,D&G,blue,"Pagac, Boyle and Mills"
939,fjayumegv@army.mil,Louis Vuitton,gray,Ernser Group
940,adonaghyhe@youku.com,Nike,purple,"O'Hara, Witting and Treutel"
941,bbardb0@bloomberg.com,Channel,brown,Runte-Hahn
942,sbrunotti33@unicef.org,Louis Vuitton,pink,Keebler Group
943,bbruins2s@ca.gov,Asprey,orange,Deckow Group
944,cbroske24@discovery.com,Balenciaga,yellow,"O'Conner, Romaguera and Gottlieb"
945,rstive85@mapquest.com,Asprey,gray,"Langworth, Goodwin and Hane"
946,kphilpotshg@multiply.com,Burberry,blue,Durgan-Cremin
947,mleleu4@google.ru,Pierre Cardin,pink,Toy-Olson
948,zwesternk9@zdnet.com,Versace,red,"Nitzsche, Cummerata and Hermiston"
949,acromleye3@list-manage.com,Pierre Cardin,black,"Nader, Satterfield and Veum"
950,jupshall97@e-recht24.de,D&G,purple,Wolff Group
951,dwhatley74@virginia.edu,Burberry,black,"Cassin, Gusikowski and Breitenberg"
952,pbellanyqg@businessweek.com,Nike,white,"Howell, Considine and Toy"
953,lpimmjn@sphinn.com,Pierre Cardin,blue,Witting and Sons
954,rharmstone2u@oaic.gov.au,Asprey,brown,"Kuhlman, Pollich and Howell"
955,nsizelandf6@usa.gov,D&G,black,Wunsch Inc
956,rpointingo0@guardian.co.uk,Channel,blue,Cartwright-Dooley
957,pdilley52@theguardian.com,Armani,yellow,Dach-Swift
958,tklaessenno@fc2.com,Prada,yellow,Muller-Schamberger
959,gdominkaoo@xing.com,Asprey,black,Hermiston Inc
960,shinkley43@usatoday.com,Pierre Cardin,gray,Halvorson-Murphy
961,bleads5w@cdc.gov,Versace,brown,"Daniel, Dickinson and Schultz"
962,bswateridgemi@issuu.com,Dior,blue,Ferry and Sons
963,bpaslowai@themeforest.net,Asprey,green,Medhurst-Wunsch
964,cclaibournb2@sphinn.com,Pierre Cardin,green,"Emard, Luettgen and Lindgren"
965,kivankovichr@virginia.edu,Dior,yellow,"Leannon, Price and Hermann"
966,mburletonpj@slate.com,Armani,black,Jones LLC
967,gcowplandnp@toplist.cz,Burberry,green,Dach-Greenfelder
968,sworsnop8y@apache.org,Louis Vuitton,yellow,"Hegmann, Blanda and Goodwin"
969,awinfindaleb4@mtv.com,Versace,gray,"Kutch, Hoppe and Toy"
970,dwestlaken6@columbia.edu,Armani,gray,"Hagenes, Mueller and Gerlach"
971,rcopperwaite8o@eventbrite.com,D&G,blue,Kiehn Inc
972,lkerridgelw@nbcnews.com,Versace,gray,Mitchell-Corkery
973,mscawenpk@yandex.ru,Valentino,green,Nader Group
974,lvictoria66@photobucket.com,Channel,blue,Dietrich and Sons
975,ddaudap@so-net.ne.jp,Prada,red,Schuppe-Lakin
976,mwilber1e@goo.gl,Versace,black,"Lockman, Denesik and Hoeger"
977,cwillingam3g@macromedia.com,Dior,pink,"Kuhlman, Hand and Pagac"
978,njarayd5@weibo.com,Gucci,blue,"Bogisich, Hand and Keebler"
979,nabbets3o@wufoo.com,Armani,orange,Koch Inc
980,abonnor5h@lycos.com,Louis Vuitton,brown,Braun-Littel
981,jjappou@google.co.uk,Fendi,black,Hane-Herman
982,gtowlsonls@4shared.com,Versace,red,Bahringer LLC
983,ssharrockku@ucla.edu,Pierre Cardin,orange,Murray Inc
984,ksouthertonp1@businessinsider.com,Dior,gray,Jacobson-O'Kon
985,fbettsh9@loc.gov,Armani,yellow,Luettgen LLC
986,cbrownsworth75@yellowpages.com,Burberry,pink,Douglas Group
987,yvignaux7o@storify.com,Tommy Hilfiger,black,"Rempel, Prohaska and Stracke"
988,hryrie29@dailymail.co.uk,Gucci,blue,Bernhard Group
989,mrevancn@soup.io,Burberry,blue,"Wiza, Pfeffer and Conn"
990,raspinallqu@amazon.co.jp,Fendi,red,Feest Group
991,bjedraszczykot@delicious.com,Tommy Hilfiger,blue,"Carroll, Ruecker and McKenzie"
992,saymes5r@bloglovin.com,Armani,green,"Johnston, Windler and Ward"
993,jfuggle3m@netvibes.com,Fendi,white,"Pacocha, Flatley and Ortiz"
994,dtilsleye5@hubpages.com,D&G,blue,Willms-Casper
995,bpellmanr7@pinterest.com,Balenciaga,blue,Baumbach and Sons
996,gfluckerd6@java.com,Armani,green,"Gislason, Lueilwitz and Abernathy"
997,pcorona95@simplemachines.org,Balenciaga,purple,Johnson and Sons
998,bajamov@earthlink.net,Prada,yellow,Fritsch and Sons
999,lmcclurg6p@com.com,Armani,purple,Tremblay-Wilkinson
1000,dmuttittgu@google.pl,Valentino,orange,Nikolaus and Sons
